DESCRIZIONE;CODICE;GRUPPO;PREZZO;PREZZO 2;PREZZO 3;CONTATORE;Q.TA' MAGAZZINO;TOTALE;SOGLIA AVVISO;REPARTO
Vodka Lemon;10001;COCKTAIL;600;600;600;0;0;0;0;1
Vodk Tonic;10002;COCKTAIL;600;600;600;0;0;0;0;1
Screwdriver;10003;COCKTAIL;600;600;600;0;0;0;0;1
Cape Codder;10004;COCKTAIL;600;600;600;0;0;0;0;1
Vodka Redbull;10005;COCKTAIL;600;600;600;0;0;0;0;1
Gin Lemon;10006;COCKTAIL;600;600;600;0;0;0;0;1
Cape Codder;10007;COCKTAIL;600;600;600;0;0;0;0;1
Gin Tonic;10008;COCKTAIL;600;600;600;0;0;0;0;1
Aperol Spritz;10009;COCKTAIL;600;600;600;0;0;0;0;1
Campari Spritz;10010;COCKTAIL;600;600;600;0;0;0;0;1
Hugo;10011;COCKTAIL;600;600;600;0;0;0;0;1
Americano;10012;COCKTAIL;600;600;600;0;0;0;0;1
Milano-Torino;10013;COCKTAIL;600;600;600;0;0;0;0;1
Rum&Cola;10014;COCKTAIL;600;600;600;0;0;0;0;1
Whisky&Cola;10015;COCKTAIL;600;600;600;0;0;0;0;1
Malibu&Cola;10016;COCKTAIL;600;600;600;0;0;0;0;1
Negroni;10017;COCKTAIL;800;800;800;0;0;0;0;1
Negroni Sbagliato;10018;COCKTAIL;800;800;800;0;0;0;0;1
Boulevardier;10019;COCKTAIL;800;800;800;0;0;0;0;1
Jagerlek;10020;COCKTAIL;800;800;800;0;0;0;0;1
Moscow Mule;10021;COCKTAIL;700;700;700;0;0;0;0;1
Tequila Sunrise;10022;COCKTAIL;700;700;700;0;0;0;0;1
Sex on the Beach;10023;COCKTAIL;700;700;700;0;0;0;0;1
Long Island;10024;COCKTAIL;700;700;700;0;0;0;0;1
Cosmopolitan;10025;COCKTAIL;700;700;700;0;0;0;0;1
Japanese;10026;COCKTAIL;800;800;800;0;0;0;0;1
Miami;10027;COCKTAIL;800;800;800;0;0;0;0;1
Long Beach;10028;COCKTAIL;800;800;800;0;0;0;0;1
Garganta del Diablo;10029;COCKTAIL;800;800;800;0;0;0;0;1
Xtra IPA 0.25l;10030;BIRRA;350;350;350;0;0;0;0;2
Xtra IPA 0.4l;10031;BIRRA;550;550;550;0;0;0;0;2
Spaten  0.25l;10032;BIRRA;300;300;300;0;0;0;0;2
Spaten 0.4l;10033;BIRRA;450;450;450;0;0;0;0;2
Leffe bionda 0.25l;10034;BIRRA;350;350;350;0;0;0;0;2
Leffe bionda 0.33l;10035;BIRRA;450;450;450;0;0;0;0;2
Leffe rossa 0.25l;10036;BIRRA;350;350;350;0;0;0;0;2
Leffe rossa 0.33l;10037;BIRRA;450;450;450;0;0;0;0;2
Tennet's 0.25l;10038;BIRRA;350;350;350;0;0;0;0;2
Tennet's  0.50l;10039;BIRRA;600;600;600;0;0;0;0;2
Hoegaarden 0.25l;10040;BIRRA;350;350;350;0;0;0;0;2
Hoegaarden 0.50l;10041;BIRRA;600;600;600;0;0;0;0;2
Sirena IPA 0.25l;10042;BIRRA;350;350;350;0;0;0;0;2
Sirena IPA  0.40l;10043;BIRRA;550;550;550;0;0;0;0;2
